{
    "code": 0,
    "msg": "ok",
    "data": [{
        "id": "1",
        "code_key": "Admin",
        "parent_code": "",
        "name": "用户和管理员",
        "jianpin": "yhhgly",
        "group_code": "Admin"
    }, {
        "id": "5",
        "code_key": "News",
        "parent_code": "",
        "name": "站内新闻",
        "jianpin": "znxw",
        "group_code": "News"
    }, {
        "id": "8",
        "code_key": "Config",
        "parent_code": "",
        "name": "网站设置",
        "jianpin": "wzsz",
        "group_code": "Config"
    }, {
        "id": "2",
        "code_key": "index",
        "parent_code": "Admin",
        "name": "管理员",
        "jianpin": "gly",
        "group_code": "Admin"
    }, {
        "id": "3",
        "code_key": "authority",
        "parent_code": "Admin",
        "name": "权限明细",
        "jianpin": "qxmx",
        "group_code": "Admin"
    }, {
        "id": "4",
        "code_key": "role",
        "parent_code": "Admin",
        "name": "角色",
        "jianpin": "js",
        "group_code": "Admin"
    }, {
        "id": "9",
        "code_key": "index",
        "parent_code": "Config",
        "name": "网站配置",
        "jianpin": "wzpz",
        "group_code": "Config"
    }, {
        "id": "6",
        "code_key": "cates",
        "parent_code": "News",
        "name": "新闻分类",
        "jianpin": "xwfl",
        "group_code": "News"
    }, {
        "id": "7",
        "code_key": "index",
        "parent_code": "News",
        "name": "新闻管理",
        "jianpin": "xwgl",
        "group_code": "News"
    }]
}